1992,GZ 125 pack,chandelier,1
1993,GZ 127 pack,roi solei,1
1994,GZ 140 pack,xmas by xian lax,3
1995,GZ 141,eiga-shi,1
1995,GZ 142,despiste,1
1995,GZ 143,time to reflect,1
1995,GZ 148 pack,magic spell,2
1996,GZ 152 pack,light tree,1
1996,GZ 900 pack,christmas 97,2
1996,PMZ 105 ,ferther,1
1995,SCZ 103 pack,unlimited,1
1995,SDZ 101 pack,c. monsta,1
1996,SLZ 104 pack,zapping,2
1991,GZ 117,fläck,1
1991,GZ 118,test,1
1991,GZ 119,360º rosso suu blackout,1
1991,GZ 120 ,wheel animal,1
1992,GZ 123 pack,san francis,1
1994,GZ 504 pack,Marylin,1
,GZ 513 pack,breakfast,1
1993,PWZ 104 pack,orb,3
1993,SDG 100,sailor's joy,1
1993,SDG 103,sheny drops,1
1992,SDJ 100,coming tide,1
1993,SDJ 101,bay breeze,1
1992,SDK 104,jelly bubbles,1
1992,SDK 106,red island,1
1993,SDK 109,mint drops,1
1992,SDN 102,divine,1
1992,SDN 103,spray-up,1
1993,SDN 104,rowing,1
1993,SDN 105,over the wave,1
1992,SSB 100,jess'rush,1
1992,SSK 100,coffee break,1
1993,SSK 102,movimento,1
1993,SSK 103 ,orologio night shift,1
1990,SCB 100,blalck Friday,1
1991,SCB 107,roller ball,1
1992,SCB 108,award,1
1992,SCB 109,colossal,1
1993,SCB 110,moon shadow,2
1993,SCB 111,lodge,1
1993,SCG 101,golden globe,1
1994,SCG 103,inspiral,1
1992,SCJ 101,grand prix,1
1993,SCK 100,wild card,1
1993,SCK 101,blue chip,1
1993,SCK 102,riding star,1
1993,SCK 104,jelly stag,1
1993,SCL 102,sound,1
1993,SCL 103,pink springs,1
1992,SCM 101,sirio,1
1993,SCM 102,jet lag,1
,SCM 401,atz eco,2
1991,SCN 102,silver star,1
1992,SCN 104,timeless zone,1
1993,SCN 106,alabama,1
1994,SCN 108,performance,1
1994,SBB 100,black rudder,1
1994,SBK 100,silver moon,1
1991,SAB 100,black motion,1
1992,SAB 101,5th avenue,1
1993,SAB 102,black cincles,1
1993,SAG 100,gran via,1
1992,SAK 100,françois 1er,1
1992,SAK 101,red ahead,1
,SAK 102,time to move,1
1993,SAK 103,monte napoleone,1
1993,SAK 104,nachtigall,1
1993,SAK 106,st. Peter's gate,2
1993,SAK 108,copper rush,1
1993,SAK 109,happy wheels,1
1994,SAK 111,ramarro,1
1994,SAK 113,serti misterieux,1
1991,SAM 100,rubin,1
1993,SAM 400,roppongi,1
1991,SAN 100,blue matic,1
1993,SAN 101,mappamondo,1
1993,SAN 102,baru,1
1993,SAN 400,brick-ett,1
1993,SLB 101 pack,europe in concert,2
1996,SLZ 106 pack 1,peter gabriel's adam,1
1992,PWK 168,putti,1
1992,PWZ 103 pack,veruschka pack,1
1993,PWZ 106 pack,soupe de poisson,2
1992,PWZ 108 pack,leaf,1
1996,GB 178 pack,olympic portraits,1
1996,GZ 150E,spanish olympic,1
1994,SCZ 101 pack,Ioc 100,1
,BOX 3 pack ,Olympic legends,1
,700 -21 ST pack,set 700 años,1
1995,GZ 145,atlanta laurels,1
1995,GZ 147,kotinos,1
1995,LZ 104,chrysophoros,1
1995,PMZ 103,ippolytos,1
1995,SAZ 104,pyrsos,1
1995,SBZ 102,nikphoros,1
1995,SCZ 104,kalos,1
1995,SDZ 102,thalassios,1
1995,SLZ 102,dolichos,1
1996,GZ 149,sebastian coe,1
1996,LZ 105,nadia comanecci,1
1996,PMZ 104,gelindo bordin,1
1996,PUZ 100,bob beamon,1
1996,SAZ 106,edwin mosses,1
1996,SBZ 103,mark spitz,1
1996,SCZ 105,daley thompson,1
1996,SDZ 900,dan jansen,1
1996,SEZ 101,sato aonita,1
1996,SLZ 105,catarina vitt,1
1994,GZ 134,saint mortiz,1
1994,GZ 136,atlanta 1996,1
1994,LZ 103,moscu 1980,1
1994,PMZ 101,roma 1960,1
1994,SAZ 103,stokolm 1912,1
1994,SCZ 102,londres 1948,1
1994,SDZ 100,seul 1988,1
1994,SLZ 100,tokyo 1964,1
1994,SSZ 100,los angeles 1932,1
1987,GB 117,nine to six,1
1991,GB 137,the globe,1
1992,GB 148,baise d'antan,1
1992,GB 149,glance,1
1993,GB 151,big enuff,1
1994,GB 154,trash,1
1994,GB 156,twelve apostles,1
1992,GB 416,barajas,1
1985,GB 706,classic,1
1991,GB 722,nero,1
1993,GF 103,skint put,1
1992,GG 117,curling,1
1992,GG 118,yuri,1
1992,GG 119,palco,1
1993,GG 121,cappuccino,1
1993,GG 122,voie lactée,1
1993,GJ 109,chaise longue,1
,GJ 115,to che,1
1990,GK 128,copper dusk,1
1991,GK 138,asetra,1
1991,GK 139,gulp,1
1992,GK 143,golden waltz,1
1992,GK 146,stream,1
1992,GK 147,gruau,1
1992,GK 148,blue segment,1
1993,GK 151,sol,1
1993,GK 152,spades,1
1993,GK 153,beach volley,1
1993,GK 154,cuzco,1
1993,GK 155,tin toy,1
1993,GK 159,black jade,1
1993,GK 161,white onix,1
1993,GK 164,sport section,1
1994,GK 172,cougar,1
1994,GK 191,skizzo,1
1994,GK 209,transparent,1
1992,GK 402,black line,1
1993,GK 707,top glass,1
1993,GK 708,drop,1
1993,GL 105,soleil,1
1994,GL 107,swett baby,1
1991,GM 106,mark ,1
1992,GM 108,nuni,1
1993,GM 111,sari,1
1993,GM 112,silver planet,1
1993,GM 114,screw driver,1
1994,GM 119,campana,1
1993,GM 402,clubs,1
1992,GN 119,perroquet,1
1992,GN 120,back stage,1
1992,GN 121,nort pole,1
1992,GN 122,photoshooting,1
1992,GN 124,gold smile,1
1993,GN 125,crazy eight,1
1993,GN 126,cancun,1
1993,GN 127,postcard,1
1993,GN 128,algarve,1
1993,GN 129,paella,1
1993,GN 134 ,space people,1
1994,GN 135,cathedral,1
1994,GN 136,sez teaze,1
1994,GN 139,milk shake,1
1994,GN 150,black sheep,1
1994,GN 156,good morning,1
1994,GN 162 pack,romeo & julieta,1
1993,GN 706,diamonds,1
1993,GO 100,ombrellone,1
1994,GO 102,tequilla,1
,GP 103,bmx,1
1993,GP 105,masquerade,1
1993,GP 106,sketch,1
1993,GP 107 ,il poeta,1
1990,GR 107,ravenha,1
1993,GR 114,fritto mixto,1
1993,GR 115,dotchair,1
1994,GR 117,rap,1
1994,GR 119,floral story,1
1994,GR 121,monster time,1
1994,GR 126,curry powder,1
1993,GV 700,fluo seal,1
1993,GX 125,delhi,1
1993,GX 126,voie humaine,1
,GZ 121,lot of dots,2
,GZ 121 pack,lot of dots,1
,GZ 124 pack,garabato,2
1992,GZ 126,people,1
,GZ 129 pack 1,crystal surprise,2
,GZ 146 pack3,stompset munich,2
1994,GZ 151 pack1,oracolo,1
,GZ 701 pack,smilla,2
,GZ 700 pack,looka,2
1986,LK 102,lionheart,1
1987,LK 104,nafea,1
1992,LK 128,rotelei,1
1992,LK 132,piccolo,1
1993,LK 142,tourmaline,1
1986,LL 101,horus,1
1985,LM 105,shehenazade,1
1992,LV 102,fleur de lys,1
1987,LW 117,speed limit,2
1990,LW 127,port-o-call,1
1991,SCM 100,goldfinger,1